productName,productGroup,gtin,manufacturerName,manufacturerCountry,batchId,fibreComposition,countryOfOrigin,careInstructions,chemicalComplianceStandard
Glamor Broken JSON Brackets,textile,38012345002017,Glamor Clothing,DE,BATCH-JSON-001,"[{fibre:cotton,pct:100}]",DE,Machine wash 40°C.,OEKO-TEX Standard 100
Glamor Missing Quotes,textile,38012345002024,Glamor Clothing,DE,BATCH-JSON-002,"[{fibre: ""cotton"", pct: 100.0}]",DE,Machine wash 40°C.,OEKO-TEX Standard 100
Glamor Not JSON At All,textile,38012345002031,Glamor Clothing,DE,BATCH-JSON-003,100% cotton,DE,Machine wash 40°C.,OEKO-TEX Standard 100
Glamor Empty Array,textile,38012345002048,Glamor Clothing,DE,BATCH-JSON-004,[],DE,Machine wash 40°C.,OEKO-TEX Standard 100
Glamor Null Fibre,textile,38012345002055,Glamor Clothing,DE,BATCH-JSON-005,null,DE,Machine wash 40°C.,OEKO-TEX Standard 100
Glamor Percentages Dont Add Up,textile,38012345002062,Glamor Clothing,DE,BATCH-JSON-006,"[{""fibre"":""cotton"",""pct"":50.0},{""fibre"":""polyester"",""pct"":30.0}]",DE,Machine wash 40°C.,OEKO-TEX Standard 100
Glamor Negative Percentage,textile,38012345002079,Glamor Clothing,DE,BATCH-JSON-007,"[{""fibre"":""cotton"",""pct"":-10.0}]",DE,Machine wash 40°C.,OEKO-TEX Standard 100
Glamor Over 100 Percent,textile,38012345002086,Glamor Clothing,DE,BATCH-JSON-008,"[{""fibre"":""cotton"",""pct"":150.0}]",DE,Machine wash 40°C.,OEKO-TEX Standard 100
Glamor Truncated JSON,textile,38012345002093,Glamor Clothing,DE,BATCH-JSON-009,"[{""fibre"":""cotton"",""pct"":10",DE,Machine wash 40°C.,OEKO-TEX Standard 100
